"","start","end","pct_tolerated","count","grantham_score","rollave_by_grantham","hydrophobic_start","hydrophobic_end","hydrophobic_change","rollave_by_pH","weight_start","weight_end","weight_change","rollave_by_weight","variant","mutfracsurvive"
"1","G","Y",73.55,29,147,45.3863333333333,0,63,-63,70.8155833333333,57.05,163.18,-106.13,NA,"G>Y",8.67361737988403e-19
"2","G","H",79.67,29,98,56.7491388888889,0,8,-8,69.0751388888889,57.05,137.14,-80.09,NA,"G>H",1.0842021724855e-19
"3","G","V",51.6675,40,109,52.1050833333333,0,76,-76,75.17375,57.05,99.13,-42.08,58.9089722222222,"G>V",0.000485425716976111
"4","A","L",58.2025,29,96,52.29825,41,97,-56,67.942,71.08,113.16,-42.08,59.4235,"A>L",0.000115242851414298
"5","N","R",58.75,24,86,57.802,-28,-14,-14,68.1287777777778,114.11,156.19,-42.08,58.9929166666667,"N>R",0.00937036913032265
"6","A","C",87.8575,23,195,NA,41,49,-8,69.7001388888889,71.08,103.15,-32.07,56.9536388888889,"A>C",0.00227444023384245
"7","A","T",82.4,25,58,67.8928611111111,41,13,28,61.9640555555556,71.08,101.11,-30.03,58.3444722222222,"A>T",0.000337020172434207
"8","A","V",78.175,29,64,70.1489444444444,41,76,-35,68.7804444444444,71.08,99.13,-28.05,58.1896388888889,"A>V",0.000589114141322755
"9","N","M",51.785,17,142,44.4798333333333,-28,74,-102,65.0569444444444,114.11,131.2,-17.09,50.6906111111111,"N>M",0.000415859022527384
"10","A","S",86.01,29,99,51.2904722222222,41,-5,46,60.1755833333333,71.08,87.08,-16,57.5546111111111,"A>S",0.00252887815702348
"11","N","E",64.285,20,42,67.819,-28,-31,3,66.3401388888889,114.11,129.12,-15.01,57.3944444444444,"N>E",4.23572528183943e-05
"12","N","K",63.095,16,94,51.89725,-28,-23,-5,71.0697222222222,114.11,128.18,-14.07,57.3706944444444,"N>K",0.00387926928723685
"13","N","Q",59.285,19,46,71.6136111111111,-28,-10,-18,69.3728611111111,114.11,128.13,-14.02,57.3724166666667,"N>Q",0.00202227955046927
"14","N","D",83.9275,16,23,76.0558611111111,-28,-55,27,63.8133888888889,114.11,115.09,-0.980000000000004,60.10575,"N>D",0.0064760015551444
"15","K","Q",74.81,34,53,73.6041666666667,-23,-10,-13,69.7815277777778,128.18,128.13,0.0500000000000114,53.7319166666667,"K>Q",0.0102267007467082
"16","N","I",25.2975,16,149,46.0796388888889,-28,99,-127,53.70525,114.11,113.16,0.950000000000003,52.0448333333333,"N>I",0.00113077391607559
"17","N","L",43.03,25,153,41.2515833333333,-28,97,-125,54.52725,114.11,113.16,0.950000000000003,50.5279166666667,"N>L",0.00812995893076747
"18","N","C",66.4275,21,139,43.6656666666667,-28,49,-77,73.9039722222222,114.11,103.15,10.96,61.066,"N>C",0.00472282107281837
"19","N","V",56.11,23,133,46.3615277777778,-28,76,-104,62.1714444444444,114.11,99.13,14.98,63.8284166666667,"N>V",0.000931760198023107
"20","D","V",36.1525,35,152,45.1520555555555,-55,76,-131,NA,115.09,99.13,15.96,61.64275,"D>V",0.000410493624934866
"21","N","S",72.9175,25,46,70.1791111111111,-28,-5,-23,70.6847777777778,114.11,87.08,27.03,69.8461388888889,"N>S",0.000208451287248304
"22","V","A",61.9075,38,64,70.0992777777778,76,41,35,63.1117777777778,99.13,71.08,28.05,63.1325,"V>A",0.00114994581169552
"23","K","P",40.745,40,103,50.3670555555556,-23,-46,23,67.0661666666667,128.18,97.12,31.06,56.667,"K>P",2.16840434497101e-19
"24","N","A",60.455,23,111,47.8475555555556,-28,41,-69,73.629,114.11,71.08,43.03,56.3911944444444,"N>A",0.00499809078722085
